Round,Adaptor,RO,fluorophore,ND File,exp_type,target_ID,Stack_ID,Locus_ID,Locus_description,Probe_position_Start_mm10,Probe_position_End_mm10,TSS_position,New_Locus_ID,geneID,Threshold
0,DAPI,,,1,RNA_seqFISH,,ND01_C1_TyR,,,,,,,,
1,41,74,A647,2,RNA_seqFISH,Cmas,ND02_C1_TyR,Loc_108,,,,142756764,New_Loc_100,,63
2,42,74,A647,3,RNA_seqFISH,Wnk1,ND03_C1_TyR,Loc_040,,,,119956170,New_Loc_034,,43
3,43,74,A647,4,RNA_seqFISH,Brk1,ND04_C1_TyR,Loc_027,,,,113604772,New_Loc_022,,8.888888889
4,44,74,A647,5,RNA_seqFISH,Arl8b,ND05_C1_TyR,Loc_018,,,,108783099,New_Loc_017,,64
5,45,74,A647,6,RNA_seqFISH,Sec13,ND06_C1_TyR,Loc_028,,,,113740727,New_Loc_023,,38
6,46,74,A647,7,RNA_seqFISH,Setd5,ND07_C1_TyR,Loc_023,,,,113105037,New_Loc_020,,41
7,47,74,A647,8,RNA_seqFISH,Kras,ND08_C1_TyR,Loc_112,,,,145250177,New_Loc_104,,49
8,48,74,A647,9,RNA_seqFISH,Cops7a,ND09_C1_TyR,Loc_077,,,,124965408,New_Loc_069,,20
9,49,74,A647,10,RNA_seqFISH,Tamm41,ND10_C1_TyR,Loc_030,,,,115032265,New_Loc_024,,38
10,50,74,A647,11,RNA_seqFISH,Atg7,ND11_C1_TyR,Loc_029,,,,114643131,New_Loc_024,,86
11,51,74,A647,12,RNA_seqFISH,Wbp11,ND12_C1_TyR,Loc_097,,,,136828135,New_Loc_089,,39
12,52,74,A647,13,RNA_seqFISH,Caprin2,ND13_C1_TyR,Loc_118,,,,148890827,New_Loc_110,,58
13,53,74,A647,14,RNA_seqFISH,Bhlhe40,ND14_C1_TyR,Loc_017,,,,108660799,New_Loc_016,,18
14,54,74,A647,15,RNA_seqFISH,Mrps35,ND15_C1_TyR,Loc_115,,,,147044595,New_Loc_107,,42
15,55,74,A647,16,RNA_seqFISH,Gabarapl1,ND16_C1_TyR,Loc_087,,,,129533200,New_Loc_079,,101
16,56,74,A647,17,RNA_seqFISH,M6pr,ND17_C1_TyR,Loc_047,,,,122308720,New_Loc_041,,39
17,57,74,A647,18,RNA_seqFISH,Mfap5,ND18_C1_TyR,Loc_055,,,,122513659,New_Loc_048,,12
18,58,74,A647,19,RNA_seqFISH,Necap1,ND19_C1_TyR,Loc_069,,,,122874549,New_Loc_061,,35
19,59,74,A647,20,RNA_seqFISH,Aicda,ND20_C1_TyR,Loc_057,,,,122553801,New_Loc_050,,12
20,60,74,A647,21,RNA_seqFISH,1700063H04Rik,ND21_C1_TyR,Loc_051,,,,122391379,New_Loc_044,,10
21,61,74,A647,22,RNA_seqFISH,Tada3,ND22_C1_TyR,Loc_025,,,,113377517,New_Loc_020,,40
22,62,74,A647,23,RNA_seqFISH,Fancd2os,ND23_C1_TyR,Loc_027,,,,113600715,New_Loc_022,,10
23,63,74,A647,24,RNA_seqFISH,Tmem40,ND24_C1_TyR,Loc_032,,,,115759271,New_Loc_026,,10
24,64,74,A647,25,RNA_seqFISH,Ncapd2,ND25_C1_TyR,Loc_079,,,,125176738,New_Loc_071,,36
25,65,74,A647,26,RNA_seqFISH,Gm10069,ND26_C1_TyR,Loc_086,,,,128439339,New_Loc_078,,10
26,66,74,A647,27,RNA_seqFISH,BC049715,ND27_C1_TyR,Loc_097,,,,136828843,New_Loc_089,,6.666666667
27,67,74,A647,28,RNA_seqFISH,Rep15,ND28_C1_TyR,Loc_115,,,,147032584,New_Loc_107,,9
28 (1),41,74,A647,29,RNA_seqFISH,Cmas (for_check),ND29_C1_TyR,,,,,142756764,,,
29,Stripping,,,30,RNA_seqFISH,,ND30_C1_TyR,,,,,,,,
30,210120-seqFISH_RO244_647,,,31,RNA_seqFISH,,ND31_C1_TyR,,,,,,,,
0,,,,1,RNA_seqFISH,,ND01_C2_TyR,,,,,,,,
1,121,242,ATTO565,2,RNA_seqFISH,Fkbp4,ND02_C2_TyR,Loc_086,,,,128438140,New_Loc_078,,80
2,122,242,ATTO565,3,RNA_seqFISH,Ybx3,ND03_C2_TyR,Loc_089,,,,131378502,New_Loc_081,,100
3,123,242,ATTO565,4,RNA_seqFISH,Arpc4,ND04_C2_TyR,Loc_025,,,,113378147,New_Loc_020,,90
4,124,242,ATTO565,5,RNA_seqFISH,Mbd4,ND05_C2_TyR,Loc_033,,,,115853288,New_Loc_027,,71
5,125,242,ATTO565,6,RNA_seqFISH,Rps4l,ND06_C2_TyR,Loc_117,,,,148354656,New_Loc_109,,80
6,126,242,ATTO565,7,RNA_seqFISH,Tsen2,ND07_C2_TyR,Loc_031,,,,115544702,New_Loc_025,,80
7,127,242,ATTO565,8,RNA_seqFISH,Ldhb,ND08_C2_TyR,Loc_107,,,,142507805,New_Loc_099,,87
8,128,242,ATTO565,9,RNA_seqFISH,Golt1b,ND09_C2_TyR,Loc_106,,,,142387221,New_Loc_098,,61
9,129,242,ATTO565,10,RNA_seqFISH,Ndufa9,ND10_C2_TyR,Loc_082,,,,126849125,New_Loc_074,,52
10,130,242,ATTO565,11,RNA_seqFISH,Bms1,ND11_C2_TyR,Loc_037,,,,118419412,New_Loc_031,,76
11,131,242,ATTO565,12,RNA_seqFISH,Rad18,ND12_C2_TyR,Loc_022,,,,112696633,New_Loc_019,,74
12,132,242,ATTO565,13,RNA_seqFISH,Erc1,ND13_C2_TyR,Loc_039,,,,119848089,New_Loc_033,,80
13,133,242,ATTO565,14,RNA_seqFISH,Fgfr1op2,ND14_C2_TyR,Loc_113,,,,146577921,New_Loc_105,,85
14,134,242,ATTO565,15,RNA_seqFISH,Mtmr14,ND15_C2_TyR,Loc_024,,,,113254099,New_Loc_020,,80
15,135,242,ATTO565,16,RNA_seqFISH,Sumf1,ND16_C2_TyR,Loc_015,,,,108152286,New_Loc_014,,130
16,136,242,ATTO565,17,RNA_seqFISH,Foxj2,ND17_C2_TyR,Loc_066,,,,122820511,New_Loc_059,,80
17,137,242,ATTO565,18,RNA_seqFISH,Nanog,ND18_C2_TyR,Loc_062,,,,122707565,New_Loc_055,,52
18,138,242,ATTO565,19,RNA_seqFISH,Gdf3,ND19_C2_TyR,Loc_059,,,,122610087,New_Loc_052,,62
19,139,242,ATTO565,20,RNA_seqFISH,Apobec1,ND20_C2_TyR,Loc_058,,,,122602364,New_Loc_051,,100
20,140,242,ATTO565,21,RNA_seqFISH,Rimklb,ND21_C2_TyR,Loc_053,,,,122472554,New_Loc_046,,42
21,141,242,ATTO565,22,RNA_seqFISH,Arl6ip5,ND22_C2_TyR,Loc_003,,,,97210689,New_Loc_003,,73
22,142,242,ATTO565,23,RNA_seqFISH,Il17rc,ND23_C2_TyR,Loc_026,,,,113472794,New_Loc_021,,100
23,143,242,ATTO565,24,RNA_seqFISH,Cand2,ND24_C2_TyR,Loc_032,,,,115774538,New_Loc_026,,100
24,144,242,ATTO565,25,RNA_seqFISH,Mrpl51,ND25_C2_TyR,Loc_079,,,,125192165,New_Loc_071,,1000
25,145,242,ATTO565,26,RNA_seqFISH,Rhno1,ND26_C2_TyR,Loc_085,,,,128362812,New_Loc_077,,74
26,146,242,ATTO565,27,RNA_seqFISH,1700101I11Rik,ND27_C2_TyR,Loc_087,,,,129533817,New_Loc_079,,100
27,147,242,ATTO565,28,RNA_seqFISH,Plekha5,ND28_C2_TyR,Loc_103,,,,140543988,New_Loc_095,,100
28 (1),121,242,ATTO565,29,RNA_seqFISH,Fkbp4 (for_check),ND29_C2_TyR,,,,,128438140,,,
29,Stripping,,,30,RNA_seqFISH,,ND30_C2_TyR,,,,,,,,
30,-,,,31,RNA_seqFISH,,ND31_C2_TyR,,,,,,,,
0,,,,1,RNA_seqFISH,,ND01_C3_TyR,,,,,,,,
1,201,241,A488,2,RNA_seqFISH,Tigar,ND02_C3_TyR,Loc_083,,,,127109550,New_Loc_075,,60
2,202,241,A488,3,RNA_seqFISH,Tspan9,ND03_C3_TyR,Loc_084,,,,128136709,New_Loc_076,,68
3,203,241,A488,4,RNA_seqFISH,Foxp1,ND04_C3_TyR,Loc_005,,,,99044459,New_Loc_005,,52
4,204,241,A488,5,RNA_seqFISH,Chd4,ND05_C3_TyR,Loc_078,,,,125096569,New_Loc_070,,50
5,205,241,A488,6,RNA_seqFISH,Creld1,ND06_C3_TyR,Loc_026,,,,113483855,New_Loc_021,,42
6,206,241,A488,7,RNA_seqFISH,Tmcc1,ND07_C3_TyR,Loc_034,,,,116133903,New_Loc_028,,38.22222222
7,207,241,A488,8,RNA_seqFISH,Resf1,ND08_C3_TyR,Loc_120,,,,149309573,New_Loc_112,,43
8,208,241,A488,9,RNA_seqFISH,Clstn3,ND09_C3_TyR,Loc_074,,,,124450172,New_Loc_066,,47
9,209,241,A488,10,RNA_seqFISH,Cecr2,ND10_C3_TyR,Loc_042,,,,120666582,New_Loc_036,,50
10,210,241,A488,11,RNA_seqFISH,Stk38l,ND11_C3_TyR,Loc_114,,,,146725036,New_Loc_106,,45
11,211,241,A488,12,RNA_seqFISH,Lrp6,ND12_C3_TyR,Loc_093,,,,134471293,New_Loc_085,,43
12,212,241,A488,13,RNA_seqFISH,Adipor2,ND13_C3_TyR,Loc_038,,,,119417475,New_Loc_032,,37
13,213,241,A488,14,RNA_seqFISH,Ergic2,ND14_C3_TyR,Loc_116,,,,148196528,New_Loc_108,,38
14,214,241,A488,15,RNA_seqFISH,Zfp239,ND15_C3_TyR,Loc_036,,,,117863077,New_Loc_030,,54
15,215,241,A488,16,RNA_seqFISH,Eps8,ND16_C3_TyR,Loc_098,,,,137589026,New_Loc_090,,44
16,216,241,A488,17,RNA_seqFISH,Itpr1,ND17_C3_TyR,Loc_016,,,,108416804,New_Loc_015,,43
17,217,241,A488,18,RNA_seqFISH,Etv6,ND18_C3_TyR,Loc_092,,,,134035969,New_Loc_084,,42
18,218,241,A488,19,RNA_seqFISH,Slc2a3,ND19_C3_TyR,Loc_063,,,,122742745,New_Loc_056,,30
19,219,241,A488,20,RNA_seqFISH,Phc1,ND20_C3_TyR,Loc_047,,,,122339645,New_Loc_041,,34
20,220,241,A488,21,RNA_seqFISH,Mitf,ND21_C3_TyR,Loc_004,,,,97940918,New_Loc_004,,45
21,221,241,A488,22,RNA_seqFISH,Ift122,ND22_C3_TyR,Loc_033,,,,115853645,New_Loc_027,,41
22,222,241,A488,23,RNA_seqFISH,Atn1,ND23_C3_TyR,Loc_075,,,,124756054,New_Loc_067,,1000
23,223,241,A488,24,RNA_seqFISH,Eno2,ND24_C3_TyR,Loc_075,,,,124768376,New_Loc_067,,30
24,224,241,A488,25,RNA_seqFISH,Foxm1,ND25_C3_TyR,Loc_085,,,,128367287,New_Loc_077,,34
25,225,241,A488,26,RNA_seqFISH,Tulp3,ND26_C3_TyR,Loc_085,,,,128355815,New_Loc_077,,38
26,226,241,A488,27,RNA_seqFISH,Etnk1,ND27_C3_TyR,Loc_109,,,,143167230,New_Loc_101,,34
27,,,,28,RNA_seqFISH,,ND28_C3_TyR,,,,,,,,
28 (1),201,241,A488,29,RNA_seqFISH,Tigar (for_check),ND29_C3_TyR,,,,,127109550,,,
29,Stripping,,,30,RNA_seqFISH,,ND30_C3_TyR,,,,,,,,
30,-,,,31,RNA_seqFISH,,ND31_C3_TyR,,,,,,,,
0,DAPI,,,32,DNA_seqFISH,,ND32_C1_TyD,,,,,,,,
1,1,243,A647,33,DNA_seqFISH,97932506_97967506,ND33_C1_TyD,Loc_004,Nanog_associated_region,97941656,97958567,,New_Loc_004,Nanog_assoc#3,500
2,2,243,A647,34,DNA_seqFISH,100840037_100865036,ND34_C1_TyD,Loc_007,ENSMUSG00000052144_Ppp4r2_exp_std_141,100840627,100864437,,New_Loc_007,Ppp4r2,800
3,3,243,A647,35,DNA_seqFISH,102742506_102767506,ND35_C1_TyD,Loc_009,Nanog_associated_region,102742647,102767450,,New_Loc_009,Nanog_assoc#4,800
4,4,243,A647,36,DNA_seqFISH,105753131_105778130,ND36_C1_TyD,Loc_012,Non_Nanog_associated_region,105753176,105778024,,New_Loc_011,Non_Nanog_assoc#6,500
5,5,243,A647,37,DNA_seqFISH,107448229_107473228,ND37_C1_TyD,Loc_014,Non_Nanog_associated_region,107451277,107471016,,New_Loc_013,Non_Nanog_assoc#7,200
6,6,243,A647,38,DNA_seqFISH,108770600_108795599,ND38_C1_TyD,Loc_018,ENSMUSG00000030105_Arl8b_exp_std_207,108774386,108791824,,New_Loc_017,Arl8b,200
7,7,243,A647,39,DNA_seqFISH,110727367_110752366,ND39_C1_TyD,Loc_020,Non_Nanog_associated_region,110727368,110751907,,New_Loc_018,Non_Nanog_assoc#9,200
8,8,243,A647,40,DNA_seqFISH,113092538_113117537,ND40_C1_TyD,Loc_023,ENSMUSG00000034269_Setd5_exp_std_148,113092638,113117501,,,Setd5,150
9,9,243,A647,41,DNA_seqFISH,113471356_113496355,ND41_C1_TyD,Loc_026,ENSMUSG00000030284_Creld1_exp_std_243.333333333333,113477744,113490000,,New_Loc_021,Creld1,500
10,10,243,A647,42,DNA_seqFISH,114630632_114655631,ND42_C1_TyD,Loc_029,ENSMUSG00000030314_Atg7_exp_std_85.6666666666667,114637910,114653704,,,Atg7,1000
11,11,243,A647,43,DNA_seqFISH,115742482_115777482,ND43_C1_TyD,Loc_032,Nanog_associated_region,115753644,115766185,,New_Loc_026,Nanog_assoc#5,600
12,12,243,A647,44,DNA_seqFISH,116985991_117010990,ND44_C1_TyD,Loc_035,Non_Nanog_associated_region,116988648,117008385,,New_Loc_029,Non_Nanog_assoc#11,400
13,13,243,A647,45,DNA_seqFISH,119404976_119429975,ND45_C1_TyD,Loc_038,ENSMUSG00000030168_Adipor2_exp_std_88,119410116,119424837,,New_Loc_032,Adipor2,400
14,14,243,A647,46,DNA_seqFISH,120402482_120427482,ND46_C1_TyD,Loc_041,Nanog_associated_region,120402495,120427373,,New_Loc_035,Nanog_assoc#6,400
15,15,243,A647,47,DNA_seqFISH,120732482_120757482,ND47_C1_TyD,Loc_043,Nanog_associated_region,120736022,120754208,,New_Loc_037,Nanog_assoc#7,400
16,16,243,A647,48,DNA_seqFISH,122310079_122331105,ND48_C1_TyD,Loc_047,25k_nega,122312622,122328836,,New_Loc_041,25k_nega#3,400
17,17,243,A647,49,DNA_seqFISH,122374588_122396508,ND49_C1_TyD,Loc_050,25k_nega,122377556,122393633,,,25k_nega#5,200
18,18,243,A647,50,DNA_seqFISH,122451126_122475338,ND50_C1_TyD,Loc_053,25k_nega,122453018,122473444,,New_Loc_046,25k_nega#8,300
19,19,243,A647,51,DNA_seqFISH,122556270_122580482,ND51_C1_TyD,Loc_057,25k_nega,122560404,122576370,,New_Loc_050,25k_nega#12,500
20,20,243,A647,52,DNA_seqFISH,122653117_122673557,ND52_C1_TyD,Loc_060,Novo_et_al_2018_Fig1_45_SE,122656767,122670314,,New_Loc_053,45_SE,500
21,21,243,A647,53,DNA_seqFISH,122723062_122745405,ND53_C1_TyD,Loc_063,Novo_et_al_2018,122727539,122741036,,New_Loc_056,Novo_2018#1,500
22,22,243,A647,54,DNA_seqFISH,122809752_122838002,ND54_C1_TyD,Loc_066,Novo_et_al_2018,122817422,122830332,,,Novo_2018#2,500
23,23,243,A647,55,DNA_seqFISH,122907098_122931268,ND55_C1_TyD,Loc_070,25k_nega,122908042,122931247,,New_Loc_062,25k_nega#18,500
24,24,243,A647,56,DNA_seqFISH,122956266_122980473,ND56_C1_TyD,Loc_072,25k_nega,122962436,122975258,,New_Loc_064,25k_nega#20,500
25,25,243,A647,57,DNA_seqFISH,124437673_124462672,ND57_C1_TyD,Loc_074,ENSMUSG00000008153_Clstn3_exp_std_154,124443563,124456749,,New_Loc_066,Clstn3,500
26,26,243,A647,58,DNA_seqFISH,124952909_124977908,ND58_C1_TyD,Loc_077,ENSMUSG00000030127_Cops7a_exp_std_120.666666666667,124958494,124972456,,New_Loc_069,Cops7a,400
27,27,243,A647,59,DNA_seqFISH,125482482_125507482,ND59_C1_TyD,Loc_080,Nanog_associated_region,125488829,125501190,,New_Loc_072,Nanog_assoc#12,400
28,28,243,A647,60,DNA_seqFISH,128124210_128149209,ND60_C1_TyD,Loc_084,ENSMUSG00000030352_Tspan9_exp_std_676,128130600,128142875,,New_Loc_076,Tspan9,800
29,29,243,A647,61,DNA_seqFISH,129520701_129545700,ND61_C1_TyD,Loc_087,ENSMUSG00000030161_Gabarapl1_exp_std_47.6666666666667,129525844,129540623,,New_Loc_079,Gabarapl1,500
30,30,243,A647,62,DNA_seqFISH,132030371_132055370,ND62_C1_TyD,Loc_090,Non_Nanog_associated_region,131922624,132055333,,New_Loc_082,Non_Nanog_assoc#15,1000
31,31,243,A647,63,DNA_seqFISH,134023470_134048469,ND63_C1_TyD,Loc_092,ENSMUSG00000030199_Etv6_exp_std_46.3333333333333,134028513,134043526,,New_Loc_084,Etv6,500
32,32,243,A647,64,DNA_seqFISH,135713231_135738230,ND64_C1_TyD,Loc_095,Non_Nanog_associated_region,135719000,135732511,,New_Loc_087,Non_Nanog_assoc#17,500
33,33,243,A647,65,DNA_seqFISH,137576527_137601526,ND65_C1_TyD,Loc_098,ENSMUSG00000015766_Eps8_exp_std_71.3333333333333,137580903,137597103,,New_Loc_090,Eps8,500
34,34,243,A647,66,DNA_seqFISH,139103980_139128979,ND66_C1_TyD,Loc_101,Non_Nanog_associated_region,139104065,139128956,,New_Loc_093,Non_Nanog_assoc#19,400
35,35,243,A647,67,DNA_seqFISH,140614383_140639382,ND67_C1_TyD,Loc_104,ENSMUSG00000030232_Aebp2_exp_std_120,140616913,140636873,,New_Loc_096,Aebp2,500
36,36,243,A647,68,DNA_seqFISH,142495306_142520305,ND68_C1_TyD,Loc_107,ENSMUSG00000030246_Ldhb_exp_std_147.666666666667,142501042,142514590,,New_Loc_099,Ldhb,150
37,37,243,A647,69,DNA_seqFISH,145083980_145108980,ND69_C1_TyD,Loc_111,Nanog_associated_region,145088310,145104733,,New_Loc_103,Nanog_assoc#19,500
38,38,243,A647,70,DNA_seqFISH,146712537_146737536,ND70_C1_TyD,Loc_114,ENSMUSG00000001630_Stk38l_exp_std_117,146716764,146736386,,New_Loc_106,Stk38l,500
39,39,243,A647,71,DNA_seqFISH,148342157_148367156,ND71_C1_TyD,Loc_117,ENSMUSG00000063171_Rps4l_exp_std_170.666666666667,148346071,148363293,,New_Loc_109,Rps4l,500
40,40,243,A647,72,DNA_seqFISH,149297074_149322073,ND72_C1_TyD,Loc_120,ENSMUSG00000032712_Resf1_exp_std_169.666666666667,149297315,149321834,,New_Loc_112,Resf1,500
41 (1),1,243,A647,73,DNA_seqFISH,97932506_97967506 (for check),ND73_C1_TyD,,,,,,,,
42,Stripping,,,74,DNA_seqFISH,,ND74_C1_TyD,,,,,,,,
0,,,,32,DNA_seqFISH,,ND32_C2_TyD,,,,,,,,
1,81,242,ATTO565,33,DNA_seqFISH,95937507_95962506,ND33_C2_TyD,Loc_002,Non_Nanog_associated_region,95937900,95962048,,New_Loc_002,Non_Nanog_assoc#1,400
2,82,242,ATTO565,34,DNA_seqFISH,99031960_99056959,ND34_C2_TyD,Loc_005,ENSMUSG00000030067_Foxp1_exp_std_587,99036509,99052484,,New_Loc_005,Foxp1,400
3,83,242,ATTO565,35,DNA_seqFISH,101791272_101816271,ND35_C2_TyD,Loc_008,Non_Nanog_associated_region,101791504,101816249,,New_Loc_008,Non_Nanog_assoc#3,400
4,84,242,ATTO565,36,DNA_seqFISH,104749589_104774588,ND36_C2_TyD,Loc_011,Non_Nanog_associated_region,104749992,104774538,,,Non_Nanog_assoc#5,400
5,85,242,ATTO565,37,DNA_seqFISH,106756671_106781670,ND37_C2_TyD,Loc_013,ENSMUSG00000013736_Trnt1_exp_std_130.666666666667,106757541,106780885,,New_Loc_012,Trnt1,400
6,86,242,ATTO565,38,DNA_seqFISH,108404305_108429304,ND38_C2_TyD,Loc_016,ENSMUSG00000030102_Itpr1_exp_std_47.3333333333333,108410665,108423030,,New_Loc_015,Itpr1,200
7,87,242,ATTO565,39,DNA_seqFISH,109748984_109773983,ND39_C2_TyD,Loc_019,Non_Nanog_associated_region,109749093,109771355,,,Non_Nanog_assoc#8,200
8,88,242,ATTO565,40,DNA_seqFISH,111705751_111730750,ND40_C2_TyD,Loc_021,Non_Nanog_associated_region,111706474,111729875,,,Non_Nanog_assoc#10,200
9,89,242,ATTO565,41,DNA_seqFISH,113241600_113266599,ND41_C2_TyD,Loc_024,ENSMUSG00000030269_Mtmr14_exp_std_53,113247748,113260460,,New_Loc_020,Mtmr14,500
10,90,242,ATTO565,42,DNA_seqFISH,113592273_113617272,ND42_C2_TyD,Loc_027,ENSMUSG00000033940_Brk1_exp_std_301,113597198,113612437,,New_Loc_022,Brk1,500
11,91,242,ATTO565,43,DNA_seqFISH,115532203_115557202,ND43_C2_TyD,Loc_031,ENSMUSG00000042389_Tsen2_exp_std_159.333333333333,115537447,115551872,,New_Loc_025,Tsen2_exp,400
12,92,242,ATTO565,44,DNA_seqFISH,116121404_116146403,ND44_C2_TyD,Loc_034,ENSMUSG00000030126_Tmcc1_exp_std_195.666666666667,116121405,116146359,,New_Loc_028,Tmcc1,400
13,93,242,ATTO565,45,DNA_seqFISH,117850578_117875577,ND45_C2_TyD,Loc_036,ENSMUSG00000042097_Zfp239_exp_std_77,117853368,117872887,,New_Loc_030,Zfp239,400
14,94,242,ATTO565,46,DNA_seqFISH,119943671_119968670,ND46_C2_TyD,Loc_040,ENSMUSG00000045962_Wnk1_exp_std_577.333333333333,119943768,119968632,,New_Loc_034,Wnk1,400
15,95,242,ATTO565,47,DNA_seqFISH,120654083_120679082,ND47_C2_TyD,Loc_042,ENSMUSG00000071226_Cecr2_exp_std_139.333333333333,120656434,120676723,,New_Loc_036,Cecr2,400
16,96,242,ATTO565,48,DNA_seqFISH,122258339_122283160,ND48_C2_TyD,Loc_045,25k_nega,122260681,122280884,,New_Loc_039,25k_nega#1,400
17,97,242,ATTO565,49,DNA_seqFISH,122331463_122351094,ND49_C2_TyD,Loc_048,Novo_et_al_2018_Fig1,122333070,122349420,,New_Loc_042,Novo_2018#4,400
18,98,242,ATTO565,50,DNA_seqFISH,122424862_122450868,ND50_C2_TyD,Loc_052,25k_nega,122426964,122448715,,New_Loc_045,25k_nega#7,400
19,99,242,ATTO565,51,DNA_seqFISH,122501116_122525328,ND51_C2_TyD,Loc_055,25k_nega,122505014,122521443,,New_Loc_048,25k_nega#10,400
20,100,242,ATTO565,52,DNA_seqFISH,122592406_122613993,ND52_C2_TyD,Loc_058,25k_nega,122595266,122611156,,New_Loc_051,25k_nega#13,400
21,101,242,ATTO565,53,DNA_seqFISH,122674957_122697483,ND53_C2_TyD,Loc_061,25k_nega,122675491,122696977,,New_Loc_054,25k_nega#14,400
22,102,242,ATTO565,54,DNA_seqFISH,122780391_122806463,ND54_C2_TyD,Loc_065,25k_nega,122783481,122803443,,New_Loc_058,25k_nega#15,400
23,103,242,ATTO565,55,DNA_seqFISH,122857503_122882211,ND55_C2_TyD,Loc_068,Novo_et_al_2018,122860433,122879358,,New_Loc_060,Novo_2018#3,400
24,104,242,ATTO565,56,DNA_seqFISH,122931735_122955905,ND56_C2_TyD,Loc_071,25k_nega,122935252,122952423,,New_Loc_063,25k_nega#19,400
25,105,242,ATTO565,57,DNA_seqFISH,123212482_123237482,ND57_C2_TyD,Loc_073,Nanog_associated_region,123173337,123237396,,New_Loc_065,Nanog_assoc#8,400
26,106,242,ATTO565,58,DNA_seqFISH,124752482_124787482,ND58_C2_TyD,Loc_075,Nanog_associated_region,124763213,124776700,,New_Loc_067,Nanog_assoc#9,400
27,107,242,ATTO565,59,DNA_seqFISH,125172482_125207482,ND59_C2_TyD,Loc_079,Nanog_associated_region,125182086,125197895,,New_Loc_071,Nanog_assoc#11,400
28,108,242,ATTO565,60,DNA_seqFISH,126836626_126861625,ND60_C2_TyD,Loc_082,ENSMUSG00000000399_Ndufa9_exp_std_116.333333333333,126841203,126857229,,New_Loc_074,Ndufa9,300
29,109,242,ATTO565,61,DNA_seqFISH,128342482_128367482,ND61_C2_TyD,Loc_085,Nanog_associated_region,128347573,128362437,,New_Loc_077,Nanog_assoc#13,200
30,110,242,ATTO565,62,DNA_seqFISH,130443353_130468352,ND62_C2_TyD,Loc_088,Non_Nanog_associated_region,130443438,130467992,,New_Loc_080,Non_Nanog_assoc#14,300
31,111,242,ATTO565,63,DNA_seqFISH,132694737_132719736,ND63_C2_TyD,Loc_091,Non_Nanog_associated_region,132696653,132719689,,New_Loc_083,Non_Nanog_assoc#16,400
32,112,242,ATTO565,64,DNA_seqFISH,134458794_134483793,ND64_C2_TyD,Loc_093,ENSMUSG00000030201_Lrp6_exp_std_95.3333333333333,134462383,134480393,,New_Loc_085,Lrp6,300
33,113,242,ATTO565,65,DNA_seqFISH,136473979_136508979,ND65_C2_TyD,Loc_096,Nanog_associated_region,136483364,136499668,,New_Loc_088,Nanog_assoc#15,300
34,114,242,ATTO565,66,DNA_seqFISH,138388981_138413980,ND66_C2_TyD,Loc_100,Non_Nanog_associated_region,138390368,138412757,,New_Loc_092,Non_Nanog_assoc#18,300
35,115,242,ATTO565,67,DNA_seqFISH,139818980_139843979,ND67_C2_TyD,Loc_102,Non_Nanog_associated_region,139821851,139841167,,New_Loc_094,Non_Nanog_assoc#20,200
36,116,242,ATTO565,68,DNA_seqFISH,142374722_142399721,ND68_C2_TyD,Loc_106,ENSMUSG00000030245_Golt1b_exp_std_123,142379591,142394835,,New_Loc_098,Golt1b,400
37,117,242,ATTO565,69,DNA_seqFISH,143133980_143188980,ND69_C2_TyD,Loc_109,Nanog_associated_region,143152631,143170298,,New_Loc_101,Nanog_assoc#18,200
38,118,242,ATTO565,70,DNA_seqFISH,145237678_145262677,ND70_C2_TyD,Loc_112,ENSMUSG00000030265_Kras_exp_std_138.666666666667,145241056,145259251,,New_Loc_104,Kras,300
39,119,242,ATTO565,71,DNA_seqFISH,148184029_148209028,ND71_C2_TyD,Loc_116,ENSMUSG00000030304_Ergic2_exp_std_86,148185405,148207729,,New_Loc_108,Ergic2,200
40,120,242,ATTO565,72,DNA_seqFISH,148878328_148903327,ND72_C2_TyD,Loc_118,ENSMUSG00000030309_Caprin2_exp_std_71,148878490,148903306,,New_Loc_110,Caprin2,400
41 (1),81,242,ATTO565,73,DNA_seqFISH,95937507_95962506 (for check),ND73_C2_TyD,,,,,,,,
42,,,,74,DNA_seqFISH,,ND74_C2_TyD,,,,,,,,
0,,,,32,DNA_seqFISH,,ND32_C3_TyD,,,,,,,,
1,161,241,A488,33,DNA_seqFISH,94672506_94707506,ND33_C3_TyD,Loc_001,Nanog_associated_region,94683691,94696365,,New_Loc_001,Nanog_assoc#1,200
2,162,241,A488,34,DNA_seqFISH,97192506_97217506,ND34_C3_TyD,Loc_003,Nanog_associated_region,97195873,97214372,,New_Loc_003,Nanog_assoc#2,200
3,163,241,A488,35,DNA_seqFISH,99935999_99960998,ND35_C3_TyD,Loc_006,Non_Nanog_associated_region,99941966,99955039,,New_Loc_006,Non_Nanog_assoc#2,200
4,164,241,A488,36,DNA_seqFISH,103746049_103771048,ND36_C3_TyD,Loc_010,Non_Nanog_associated_region,103747446,103769596,,New_Loc_010,Non_Nanog_assoc#4,100
5,165,241,A488,37,DNA_seqFISH,108139787_108164786,ND37_C3_TyD,Loc_015,ENSMUSG00000030101_Sumf1_exp_std_48,108145170,108159582,,New_Loc_014,Sumf1,300
6,166,241,A488,38,DNA_seqFISH,108648300_108673299,ND38_C3_TyD,Loc_017,ENSMUSG00000030103_Bhlhe40_exp_std_57.3333333333333,108653844,108667768,,New_Loc_016,Bhlhe40,100
7,167,241,A488,39,DNA_seqFISH,112684134_112709133,ND39_C3_TyD,Loc_022,ENSMUSG00000030254_Rad18_exp_std_80.3333333333333,112685394,112704844,,New_Loc_019,Rad18,200
8,168,241,A488,40,DNA_seqFISH,113365648_113390647,ND40_C3_TyD,Loc_025,ENSMUSG00000079426_Arpc4_exp_std_373,113371560,113384757,,,Arpc4,100
9,169,241,A488,41,DNA_seqFISH,113728228_113753227,ND41_C3_TyD,Loc_028,ENSMUSG00000030298_Sec13_exp_std_161.333333333333,113734502,113746954,,New_Loc_023,Sec13,150
10,170,241,A488,42,DNA_seqFISH,115019766_115044765,ND42_C3_TyD,Loc_030,ENSMUSG00000030316_Tamm41_exp_std_108.666666666667,115024309,115038563,,New_Loc_024,Tamm41,100
11,171,241,A488,43,DNA_seqFISH,115840789_115865788,ND43_C3_TyD,Loc_033,ENSMUSG00000030322_Mbd4_exp_std_214.333333333333,115845378,115860767,,New_Loc_027,Mbd4,100
12,172,241,A488,44,DNA_seqFISH,118406913_118431912,ND44_C3_TyD,Loc_037,ENSMUSG00000030138_Bms1_exp_std_96,118409188,118429745,,New_Loc_031,Bms1,100
13,173,241,A488,45,DNA_seqFISH,119835590_119860589,ND45_C3_TyD,Loc_039,ENSMUSG00000030172_Erc1_exp_std_73.3333333333333,119838460,119858005,,New_Loc_033,Erc1,300
14,174,241,A488,46,DNA_seqFISH,121495411_121520410,ND46_C3_TyD,Loc_044,Non_Nanog_associated_region,121501371,121514517,,New_Loc_038,Non_Nanog_assoc#12,100
15,175,241,A488,47,DNA_seqFISH,122283331_122309153,ND47_C3_TyD,Loc_046,25k_nega,122286851,122305632,,New_Loc_040,25k_nega#2,100
16,176,241,A488,48,DNA_seqFISH,122351198_122373118,ND48_C3_TyD,Loc_049,25k_nega,122351862,122372365,,New_Loc_043,25k_nega#4,100
17,177,241,A488,49,DNA_seqFISH,122396806_122422812,ND49_C3_TyD,Loc_051,25k_nega,122400251,122419372,,New_Loc_044,25k_nega#6,200
18,178,241,A488,50,DNA_seqFISH,122476046_122500258,ND50_C3_TyD,Loc_054,25k_nega,122479434,122496743,,New_Loc_047,25k_nega#9,100
19,179,241,A488,51,DNA_seqFISH,122526276_122550488,ND51_C3_TyD,Loc_056,25k_nega,122529793,122546997,,New_Loc_049,25k_nega#11,200
20,180,241,A488,52,DNA_seqFISH,122614511_122636202,ND52_C3_TyD,Loc_059,Novo_et_al_2018_Fig1,122616096,122635437,,New_Loc_052,Novo_2018#5,200
21,181,241,A488,53,DNA_seqFISH,122702441_122722881,ND53_C3_TyD,Loc_062,Nanog,122702530,122720335,,New_Loc_055,Nanog,125
22,182,241,A488,54,DNA_seqFISH,122755211_122778949,ND54_C3_TyD,Loc_064,Novo_et_al_2018_Fig1_60SE,122759286,122774944,,New_Loc_057,60SE,150
23,183,241,A488,55,DNA_seqFISH,122838249_122857355,ND55_C3_TyD,Loc_067,25k_nega,122840206,122855273,,New_Loc_059,25k_nega#16,150
24,184,241,A488,56,DNA_seqFISH,122882447_122906617,ND56_C3_TyD,Loc_069,25k_nega,122885613,122903406,,New_Loc_061,25k_nega#17,300
25,185,241,A488,57,DNA_seqFISH,124872482_124897482,ND57_C3_TyD,Loc_076,Nanog_associated_region,124878623,124891362,,New_Loc_068,Nanog_assoc#10,200
26,186,241,A488,58,DNA_seqFISH,125084070_125109069,ND58_C3_TyD,Loc_078,ENSMUSG00000063870_Chd4_exp_std_406.666666666667,125090494,125102689,,New_Loc_070,Chd4,200
27,187,241,A488,59,DNA_seqFISH,126159555_126184554,ND59_C3_TyD,Loc_081,Non_Nanog_associated_region,126163794,126180271,,New_Loc_073,Non_Nanog_assoc#13,150
28,188,241,A488,60,DNA_seqFISH,127097051_127122050,ND60_C3_TyD,Loc_083,ENSMUSG00000038028_Tigar_exp_std_803.333333333333,127101700,127117451,,New_Loc_075,Tigar,150
29,189,241,A488,61,DNA_seqFISH,128425641_128450640,ND61_C3_TyD,Loc_086,ENSMUSG00000030357_Fkbp4_exp_std_1978,128431709,128444650,,New_Loc_078,Fkbp4,150
30,190,241,A488,62,DNA_seqFISH,131366003_131391002,ND62_C3_TyD,Loc_089,ENSMUSG00000030189_Ybx3_exp_std_903.666666666667,131371255,131385792,,New_Loc_081,Ybx3,100
31,191,241,A488,63,DNA_seqFISH,134952482_134977482,ND63_C3_TyD,Loc_094,Nanog_associated_region,134956501,134973658,,New_Loc_086,Nanog_assoc#14,300
32,192,241,A488,64,DNA_seqFISH,136815636_136840635,ND64_C3_TyD,Loc_097,ENSMUSG00000030216_Wbp11_exp_std_77,136819468,136836832,,New_Loc_089,Wbp11,200
33,193,241,A488,65,DNA_seqFISH,137673979_137698979,ND65_C3_TyD,Loc_099,Nanog_associated_region,137679451,137693575,,New_Loc_091,Nanog_assoc#16,150
34,194,241,A488,66,DNA_seqFISH,140533979_140558979,ND66_C3_TyD,Loc_103,Nanog_associated_region,140539806,140553188,,New_Loc_095,Nanog_assoc#17,300
35,195,241,A488,67,DNA_seqFISH,141494553_141519552,ND67_C3_TyD,Loc_105,Non_Nanog_associated_region,141495034,141519136,,New_Loc_097,Non_Nanog_assoc#21,150
36,196,241,A488,68,DNA_seqFISH,142744265_142769264,ND68_C3_TyD,Loc_108,ENSMUSG00000030282_Cmas_exp_std_1500,142749358,142764260,,New_Loc_100,Cmas,150
37,197,241,A488,69,DNA_seqFISH,144123981_144148980,ND69_C3_TyD,Loc_110,Non_Nanog_associated_region,144129025,144143930,,New_Loc_102,Non_Nanog_assoc#22,200
38,198,241,A488,70,DNA_seqFISH,146565422_146590421,ND70_C3_TyD,Loc_113,ENSMUSG00000040242_Fgfr1op2_exp_std_69,146566455,146589609,,New_Loc_105,Fgfr1op2,100
39,199,241,A488,71,DNA_seqFISH,147032096_147057095,ND71_C3_TyD,Loc_115,ENSMUSG00000040112_Mrps35_exp_std_50,147034867,147054418,,New_Loc_107,Mrps35,100
40,200,241,A488,72,DNA_seqFISH,148973978_148998978,ND72_C3_TyD,Loc_119,Nanog_associated_region,148975582,148997307,,New_Loc_111,Nanog_assoc#20,200
41 (1),161,241,A488,73,DNA_seqFISH,94672506_94707506 (for check),ND73_C3_TyD,,,,,,,,
42,,,,74,DNA_seqFISH,,ND74_C3_TyD,,,,,,,,
1,68,243,A647,75,seqIF,KDM1A,ND75_C1_TyI,,,,,,,,
2,69,243,A647,76,seqIF,TCF3,ND76_C1_TyI,,,,,,,,
3,70,243,A647,77,seqIF,SIN3A,ND77_C1_TyI,,,,,,,,
4,71,243,A647,78,seqIF,HDAC3,ND78_C1_TyI,,,,,,,,
5,72,243,A647,79,seqIF,OTX2,ND79_C1_TyI,,,,,,,,
6,73,243,A647,80,seqIF,CHD4,ND80_C1_TyI,,,,,,,,
7,75,243,A647,81,seqIF,H3K27ac,ND81_C1_TyI,,,,,,,,
8 (1),68,243,A647,82,seqIF,KDM1A (for check),ND82_C1_TyI,,,,,,,,
9,Stripping,,,83,seqIF,,ND83_C1_TyI,,,,,,,,
1,148,242,ATTO565,75,seqIF,P300,ND75_C2_TyI,,,,,,,,
2,149,242,ATTO565,76,seqIF,EERRB,ND76_C2_TyI,,,,,,,,
3,150,242,ATTO565,77,seqIF,MED1,ND77_C2_TyI,,,,,,,,
4,152,242,ATTO565,78,seqIF,MED12,ND78_C2_TyI,,,,,,,,
5,153,242,ATTO565,79,seqIF,TBP,ND79_C2_TyI,,,,,,,,
6,154,242,ATTO565,80,seqIF,BRD4,ND80_C2_TyI,,,,,,,,
7,155,242,ATTO565,81,seqIF,SMAD4,ND81_C2_TyI,,,,,,,,
8 (1),148,242,ATTO565,82,seqIF,P300 (for check),ND82_C2_TyI,,,,,,,,
9,,,,83,seqIF,,ND83_C2_TyI,,,,,,,,
1,228,241,A488,75,seqIF,KMT2D,ND75_C3_TyI,,,,,,,,
2,229,241,A488,76,seqIF,TET2,ND76_C3_TyI,,,,,,,,
3,230,241,A488,77,seqIF,H3K4me3,ND77_C3_TyI,,,,,,,,
4,231,241,A488,78,seqIF,ARID1A,ND78_C3_TyI,,,,,,,,
5,232,241,A488,79,seqIF,NANOG,ND79_C3_TyI,,,,,,,,
6,233,241,A488,80,seqIF,SOX2,ND80_C3_TyI,,,,,,,,
7,,,,81,seqIF,,ND81_C3_TyI,,,,,,,,
8 (1),228,241,A488,82,seqIF,KMT2D (for check),ND82_C3_TyI,,,,,,,,
9,,,,83,seqIF,,ND83_C3_TyI,,,,,,,,